Row_ID,Task_Group,Paper_ID,Experiment_ID,Origin,Wood_Type,Temp_C,pH,Consistency_pct,O3_Dose_pct_odp,O3_Consumed_pct_odp,Time_min,Additive,Medium,Initial_Kappa,Kappa,Brightness_ISO,Brightness_Elrepho,Viscosity_mPas,Viscosity_cP,Viscosity_mlg,Selectivity,DP,L_star,a_star,b_star,Is_Baseline,Unit_Conversions,Source_Row,Brightness_Scale_Note
C0001,KINETICS_OPTICAL_DP,P1_OPTICAL,P1_Exp0,EXTERNAL_LITERATURE,hardwood,,,,,0.0,0.0,,,,,,,,,817.0,,1201.0,83.04,2.67,15.13,True,kg/t -> %: x0.1; s -> min: /60 (originals kept in Literature sheet),P1_Exp0 + P2_Exp0 (joined on shared Exp number; O3 and t verified equal),"ISO and Elrepho kept in separate columns - NOT interchangeable; L* is CIELAB lightness, not brightness."
C0002,KINETICS_OPTICAL_DP,P1_OPTICAL,P1_Exp1,EXTERNAL_LITERATURE,hardwood,40.0,0.26,,,0.1,1.2,,,,,,,,,720.0,,1046.0,86.02,2.7,14.5,False,kg/t -> %: x0.1; s -> min: /60 (originals kept in Literature sheet),P1_Exp1 + P2_Exp1 (joined on shared Exp number; O3 and t verified equal),"ISO and Elrepho kept in separate columns - NOT interchangeable; L* is CIELAB lightness, not brightness."
C0003,KINETICS_OPTICAL_DP,P1_OPTICAL,P1_Exp2,EXTERNAL_LITERATURE,hardwood,40.0,0.26,,,0.2,3.6,,,,,,,,,702.0,,1017.0,86.61,2.47,13.67,False,kg/t -> %: x0.1; s -> min: /60 (originals kept in Literature sheet),P1_Exp2 + P2_Exp2 (joined on shared Exp number; O3 and t verified equal),"ISO and Elrepho kept in separate columns - NOT interchangeable; L* is CIELAB lightness, not brightness."
C0004,KINETICS_OPTICAL_DP,P1_OPTICAL,P1_Exp3,EXTERNAL_LITERATURE,hardwood,40.0,0.26,,,0.31,4.8,,,,,,,,,679.0,,980.0,87.36,2.4,13.5,False,kg/t -> %: x0.1; s -> min: /60 (originals kept in Literature sheet),P1_Exp3 + P2_Exp3 (joined on shared Exp number; O3 and t verified equal),"ISO and Elrepho kept in separate columns - NOT interchangeable; L* is CIELAB lightness, not brightness."
C0005,KINETICS_OPTICAL_DP,P1_OPTICAL,P1_Exp4,EXTERNAL_LITERATURE,hardwood,40.0,0.26,,,0.41,7.2,,,,,,,,,677.0,,977.0,87.32,2.47,13.33,False,kg/t -> %: x0.1; s -> min: /60 (originals kept in Literature sheet),P1_Exp4 + P2_Exp4 (joined on shared Exp number; O3 and t verified equal),"ISO and Elrepho kept in separate columns - NOT interchangeable; L* is CIELAB lightness, not brightness."
C0006,KINETICS_OPTICAL_DP,P1_OPTICAL,P1_Exp5,EXTERNAL_LITERATURE,hardwood,40.0,0.26,,,0.51,9.6,,,,,,,,,672.0,,968.0,88.15,2.2,12.73,False,kg/t -> %: x0.1; s -> min: /60 (originals kept in Literature sheet),P1_Exp5 + P2_Exp5 (joined on shared Exp number; O3 and t verified equal),"ISO and Elrepho kept in separate columns - NOT interchangeable; L* is CIELAB lightness, not brightness."
C0007,KINETICS_OPTICAL_DP,P1_OPTICAL,P1_Exp6,EXTERNAL_LITERATURE,hardwood,40.0,0.26,,,0.62,12.0,,,,,,,,,667.0,,961.0,88.19,2.23,12.73,False,kg/t -> %: x0.1; s -> min: /60 (originals kept in Literature sheet),P1_Exp6 + P2_Exp6 (joined on shared Exp number; O3 and t verified equal),"ISO and Elrepho kept in separate columns - NOT interchangeable; L* is CIELAB lightness, not brightness."
C0008,KINETICS_OPTICAL_DP,P1_OPTICAL,P1_Exp7,EXTERNAL_LITERATURE,hardwood,40.0,2.61,,,0.05,1.2,,,,,,,,,763.0,,1115.0,86.06,2.57,13.87,False,kg/t -> %: x0.1; s -> min: /60 (originals kept in Literature sheet),P1_Exp7 + P2_Exp7 (joined on shared Exp number; O3 and t verified equal),"ISO and Elrepho kept in separate columns - NOT interchangeable; L* is CIELAB lightness, not brightness."
C0009,KINETICS_OPTICAL_DP,P1_OPTICAL,P1_Exp8,EXTERNAL_LITERATURE,hardwood,40.0,2.61,,,0.28,2.4,,,,,,,,,723.0,,1050.0,86.39,2.37,13.13,False,kg/t -> %: x0.1; s -> min: /60 (originals kept in Literature sheet),P1_Exp8 + P2_Exp8 (joined on shared Exp number; O3 and t verified equal),"ISO and Elrepho kept in separate columns - NOT interchangeable; L* is CIELAB lightness, not brightness."
C0010,KINETICS_OPTICAL_DP,P1_OPTICAL,P1_Exp9,EXTERNAL_LITERATURE,hardwood,40.0,2.61,,,0.37,3.6,,,,,,,,,706.0,,1023.0,86.7,2.5,13.63,False,kg/t -> %: x0.1; s -> min: /60 (originals kept in Literature sheet),P1_Exp9 + P2_Exp9 (joined on shared Exp number; O3 and t verified equal),"ISO and Elrepho kept in separate columns - NOT interchangeable; L* is CIELAB lightness, not brightness."
C0011,KINETICS_OPTICAL_DP,P1_OPTICAL,P1_Exp10,EXTERNAL_LITERATURE,hardwood,40.0,2.61,,,0.44,4.783333333333333,,,,,,,,,691.0,,999.0,87.06,2.4,13.47,False,kg/t -> %: x0.1; s -> min: /60 (originals kept in Literature sheet),P1_Exp10 + P2_Exp10 (joined on shared Exp number; O3 and t verified equal),"ISO and Elrepho kept in separate columns - NOT interchangeable; L* is CIELAB lightness, not brightness."
C0012,KINETICS_OPTICAL_DP,P1_OPTICAL,P1_Exp11,EXTERNAL_LITERATURE,hardwood,40.0,2.61,,,0.76,7.183333333333334,,,,,,,,,705.0,,1021.0,87.79,2.27,12.83,False,kg/t -> %: x0.1; s -> min: /60 (originals kept in Literature sheet),P1_Exp11 + P2_Exp11 (joined on shared Exp number; O3 and t verified equal),"ISO and Elrepho kept in separate columns - NOT interchangeable; L* is CIELAB lightness, not brightness."
C0013,KINETICS_OPTICAL_DP,P1_OPTICAL,P1_Exp12,EXTERNAL_LITERATURE,hardwood,40.0,2.61,,,0.95,9.583333333333334,,,,,,,,,660.0,,949.0,87.85,2.27,12.63,False,kg/t -> %: x0.1; s -> min: /60 (originals kept in Literature sheet),P1_Exp12 + P2_Exp12 (joined on shared Exp number; O3 and t verified equal),"ISO and Elrepho kept in separate columns - NOT interchangeable; L* is CIELAB lightness, not brightness."
C0014,KINETICS_OPTICAL_DP,P1_OPTICAL,P1_Exp13,EXTERNAL_LITERATURE,hardwood,40.0,2.61,,,0.9,11.983333333333333,,,,,,,,,630.0,,902.0,88.65,2.1,12.43,False,kg/t -> %: x0.1; s -> min: /60 (originals kept in Literature sheet),P1_Exp13 + P2_Exp13 (joined on shared Exp number; O3 and t verified equal),"ISO and Elrepho kept in separate columns - NOT interchangeable; L* is CIELAB lightness, not brightness."
C0015,KINETICS_OPTICAL_DP,P1_OPTICAL,P1_Exp14,EXTERNAL_LITERATURE,hardwood,40.0,3.86,,,0.14,1.2666666666666666,,,,,,,,,783.0,,1146.0,84.32,2.63,14.1,False,kg/t -> %: x0.1; s -> min: /60 (originals kept in Literature sheet),P1_Exp14 + P2_Exp14 (joined on shared Exp number; O3 and t verified equal),"ISO and Elrepho kept in separate columns - NOT interchangeable; L* is CIELAB lightness, not brightness."
C0016,KINETICS_OPTICAL_DP,P1_OPTICAL,P1_Exp15,EXTERNAL_LITERATURE,hardwood,40.0,3.86,,,0.26,2.533333333333333,,,,,,,,,757.0,,1104.0,85.32,2.57,13.77,False,kg/t -> %: x0.1; s -> min: /60 (originals kept in Literature sheet),P1_Exp15 + P2_Exp15 (joined on shared Exp number; O3 and t verified equal),"ISO and Elrepho kept in separate columns - NOT interchangeable; L* is CIELAB lightness, not brightness."
C0017,KINETICS_OPTICAL_DP,P1_OPTICAL,P1_Exp16,EXTERNAL_LITERATURE,hardwood,40.0,3.86,,,0.41,3.8,,,,,,,,,754.0,,1100.0,85.56,2.53,13.7,False,kg/t -> %: x0.1; s -> min: /60 (originals kept in Literature sheet),P1_Exp16 + P2_Exp16 (joined on shared Exp number; O3 and t verified equal),"ISO and Elrepho kept in separate columns - NOT interchangeable; L* is CIELAB lightness, not brightness."
C0018,KINETICS_OPTICAL_DP,P1_OPTICAL,P1_Exp17,EXTERNAL_LITERATURE,hardwood,40.0,3.86,,,0.51,5.066666666666666,,,,,,,,,746.0,,1087.0,86.51,2.43,13.33,False,kg/t -> %: x0.1; s -> min: /60 (originals kept in Literature sheet),P1_Exp17 + P2_Exp17 (joined on shared Exp number; O3 and t verified equal),"ISO and Elrepho kept in separate columns - NOT interchangeable; L* is CIELAB lightness, not brightness."
C0019,KINETICS_OPTICAL_DP,P1_OPTICAL,P1_Exp18,EXTERNAL_LITERATURE,hardwood,40.0,3.86,,,0.68,7.6,,,,,,,,,729.0,,1060.0,86.59,2.4,13.33,False,kg/t -> %: x0.1; s -> min: /60 (originals kept in Literature sheet),P1_Exp18 + P2_Exp18 (joined on shared Exp number; O3 and t verified equal),"ISO and Elrepho kept in separate columns - NOT interchangeable; L* is CIELAB lightness, not brightness."
C0020,KINETICS_OPTICAL_DP,P1_OPTICAL,P1_Exp19,EXTERNAL_LITERATURE,hardwood,40.0,3.86,,,0.8,10.116666666666667,,,,,,,,,710.0,,1029.0,86.8,2.3,13.03,False,kg/t -> %: x0.1; s -> min: /60 (originals kept in Literature sheet),P1_Exp19 + P2_Exp19 (joined on shared Exp number; O3 and t verified equal),"ISO and Elrepho kept in separate columns - NOT interchangeable; L* is CIELAB lightness, not brightness."
C0021,KINETICS_OPTICAL_DP,P1_OPTICAL,P1_Exp20,EXTERNAL_LITERATURE,hardwood,40.0,3.86,,,0.85,12.65,,,,,,,,,698.0,,1010.0,87.12,2.3,12.93,False,kg/t -> %: x0.1; s -> min: /60 (originals kept in Literature sheet),P1_Exp20 + P2_Exp20 (joined on shared Exp number; O3 and t verified equal),"ISO and Elrepho kept in separate columns - NOT interchangeable; L* is CIELAB lightness, not brightness."
C0022,KINETICS_OPTICAL_DP,P1_OPTICAL,P1_Exp21,EXTERNAL_LITERATURE,hardwood,40.0,8.83,,,0.15,1.2333333333333334,,,,,,,,,752.0,,1096.0,84.23,2.4,14.53,False,kg/t -> %: x0.1; s -> min: /60 (originals kept in Literature sheet),P1_Exp21 + P2_Exp21 (joined on shared Exp number; O3 and t verified equal),"ISO and Elrepho kept in separate columns - NOT interchangeable; L* is CIELAB lightness, not brightness."
C0023,KINETICS_OPTICAL_DP,P1_OPTICAL,P1_Exp22,EXTERNAL_LITERATURE,hardwood,40.0,8.83,,,0.35,2.466666666666667,,,,,,,,,723.0,,1050.0,84.95,2.4,13.83,False,kg/t -> %: x0.1; s -> min: /60 (originals kept in Literature sheet),P1_Exp22 + P2_Exp22 (joined on shared Exp number; O3 and t verified equal),"ISO and Elrepho kept in separate columns - NOT interchangeable; L* is CIELAB lightness, not brightness."
C0024,KINETICS_OPTICAL_DP,P1_OPTICAL,P1_Exp23,EXTERNAL_LITERATURE,hardwood,40.0,8.83,,,0.36,3.7,,,,,,,,,703.0,,1019.0,84.69,2.43,13.97,False,kg/t -> %: x0.1; s -> min: /60 (originals kept in Literature sheet),P1_Exp23 + P2_Exp23 (joined on shared Exp number; O3 and t verified equal),"ISO and Elrepho kept in separate columns - NOT interchangeable; L* is CIELAB lightness, not brightness."
C0025,KINETICS_OPTICAL_DP,P1_OPTICAL,P1_Exp24,EXTERNAL_LITERATURE,hardwood,40.0,8.83,,,0.6,4.116666666666666,,,,,,,,,693.0,,1003.0,85.13,2.27,13.57,False,kg/t -> %: x0.1; s -> min: /60 (originals kept in Literature sheet),P1_Exp24 + P2_Exp24 (joined on shared Exp number; O3 and t verified equal),"ISO and Elrepho kept in separate columns - NOT interchangeable; L* is CIELAB lightness, not brightness."
C0026,KINETICS_OPTICAL_DP,P1_OPTICAL,P1_Exp25,EXTERNAL_LITERATURE,hardwood,40.0,8.83,,,0.88,7.416666666666667,,,,,,,,,702.0,,1017.0,85.57,2.2,13.3,False,kg/t -> %: x0.1; s -> min: /60 (originals kept in Literature sheet),P1_Exp25 + P2_Exp25 (joined on shared Exp number; O3 and t verified equal),"ISO and Elrepho kept in separate columns - NOT interchangeable; L* is CIELAB lightness, not brightness."
C0027,KINETICS_OPTICAL_DP,P1_OPTICAL,P1_Exp26,EXTERNAL_LITERATURE,hardwood,40.0,8.83,,,1.14,9.883333333333333,,,,,,,,,668.0,,962.0,86.45,2.17,13.1,False,kg/t -> %: x0.1; s -> min: /60 (originals kept in Literature sheet),P1_Exp26 + P2_Exp26 (joined on shared Exp number; O3 and t verified equal),"ISO and Elrepho kept in separate columns - NOT interchangeable; L* is CIELAB lightness, not brightness."
C0028,KINETICS_OPTICAL_DP,P1_OPTICAL,P1_Exp27,EXTERNAL_LITERATURE,hardwood,40.0,8.83,,,1.45,12.366666666666667,,,,,,,,,615.0,,878.0,85.6,2.3,13.33,False,kg/t -> %: x0.1; s -> min: /60 (originals kept in Literature sheet),P1_Exp27 + P2_Exp27 (joined on shared Exp number; O3 and t verified equal),"ISO and Elrepho kept in separate columns - NOT interchangeable; L* is CIELAB lightness, not brightness."
C0029,KINETICS_OPTICAL_DP,P1_OPTICAL,P1_Exp28,EXTERNAL_LITERATURE,hardwood,40.0,9.6,,,0.07,1.0,,,,,,,,,781.0,,1144.0,84.33,2.6,14.33,False,kg/t -> %: x0.1; s -> min: /60 (originals kept in Literature sheet),P1_Exp28 + P2_Exp28 (joined on shared Exp number; O3 and t verified equal),"ISO and Elrepho kept in separate columns - NOT interchangeable; L* is CIELAB lightness, not brightness."
C0030,KINETICS_OPTICAL_DP,P1_OPTICAL,P1_Exp29,EXTERNAL_LITERATURE,hardwood,40.0,9.6,,,0.11,0.5,,,,,,,,,763.0,,1115.0,84.52,2.47,14.17,False,kg/t -> %: x0.1; s -> min: /60 (originals kept in Literature sheet),P1_Exp29 + P2_Exp29 (joined on shared Exp number; O3 and t verified equal),"ISO and Elrepho kept in separate columns - NOT interchangeable; L* is CIELAB lightness, not brightness."
C0031,KINETICS_OPTICAL_DP,P1_OPTICAL,P1_Exp30,EXTERNAL_LITERATURE,hardwood,40.0,9.6,,,0.2,1.5,,,,,,,,,727.0,,1057.0,85.03,2.4,13.97,False,kg/t -> %: x0.1; s -> min: /60 (originals kept in Literature sheet),P1_Exp30 + P2_Exp30 (joined on shared Exp number; O3 and t verified equal),"ISO and Elrepho kept in separate columns - NOT interchangeable; L* is CIELAB lightness, not brightness."
C0032,KINETICS_OPTICAL_DP,P1_OPTICAL,P1_Exp31,EXTERNAL_LITERATURE,hardwood,40.0,9.6,,,0.21,2.0,,,,,,,,,718.0,,1043.0,84.94,2.43,13.77,False,kg/t -> %: x0.1; s -> min: /60 (originals kept in Literature sheet),P1_Exp31 + P2_Exp31 (joined on shared Exp number; O3 and t verified equal),"ISO and Elrepho kept in separate columns - NOT interchangeable; L* is CIELAB lightness, not brightness."
C0033,KINETICS_OPTICAL_DP,P1_OPTICAL,P1_Exp32,EXTERNAL_LITERATURE,hardwood,40.0,9.6,,,0.29,2.5,,,,,,,,,702.0,,1016.0,85.29,2.37,13.5,False,kg/t -> %: x0.1; s -> min: /60 (originals kept in Literature sheet),P1_Exp32 + P2_Exp32 (joined on shared Exp number; O3 and t verified equal),"ISO and Elrepho kept in separate columns - NOT interchangeable; L* is CIELAB lightness, not brightness."
C0034,KINETICS_OPTICAL_DP,P1_OPTICAL,P1_Exp33,EXTERNAL_LITERATURE,hardwood,40.0,9.6,,,0.32,3.0,,,,,,,,,712.0,,1032.0,85.7,2.23,13.27,False,kg/t -> %: x0.1; s -> min: /60 (originals kept in Literature sheet),P1_Exp33 + P2_Exp33 (joined on shared Exp number; O3 and t verified equal),"ISO and Elrepho kept in separate columns - NOT interchangeable; L* is CIELAB lightness, not brightness."
C0035,KINETICS_OPTICAL_DP,P1_OPTICAL,P1_Exp34,EXTERNAL_LITERATURE,hardwood,20.0,0.26,,,0.06,1.1166666666666667,,,,,,,,,753.0,,1098.0,86.11,2.5,14.0,False,kg/t -> %: x0.1; s -> min: /60 (originals kept in Literature sheet),P1_Exp34 + P2_Exp34 (joined on shared Exp number; O3 and t verified equal),"ISO and Elrepho kept in separate columns - NOT interchangeable; L* is CIELAB lightness, not brightness."
C0036,KINETICS_OPTICAL_DP,P1_OPTICAL,P1_Exp35,EXTERNAL_LITERATURE,hardwood,20.0,0.26,,,0.15,2.216666666666667,,,,,,,,,739.0,,1076.0,86.61,2.57,14.17,False,kg/t -> %: x0.1; s -> min: /60 (originals kept in Literature sheet),P1_Exp35 + P2_Exp35 (joined on shared Exp number; O3 and t verified equal),"ISO and Elrepho kept in separate columns - NOT interchangeable; L* is CIELAB lightness, not brightness."
C0037,KINETICS_OPTICAL_DP,P1_OPTICAL,P1_Exp36,EXTERNAL_LITERATURE,hardwood,20.0,0.26,,,0.2,3.3333333333333335,,,,,,,,,730.0,,1061.0,87.13,2.4,13.87,False,kg/t -> %: x0.1; s -> min: /60 (originals kept in Literature sheet),P1_Exp36 + P2_Exp36 (joined on shared Exp number; O3 and t verified equal),"ISO and Elrepho kept in separate columns - NOT interchangeable; L* is CIELAB lightness, not brightness."
C0038,KINETICS_OPTICAL_DP,P1_OPTICAL,P1_Exp37,EXTERNAL_LITERATURE,hardwood,20.0,0.26,,,0.22,4.433333333333334,,,,,,,,,697.0,,1009.0,87.5,2.3,13.4,False,kg/t -> %: x0.1; s -> min: /60 (originals kept in Literature sheet),P1_Exp37 + P2_Exp37 (joined on shared Exp number; O3 and t verified equal),"ISO and Elrepho kept in separate columns - NOT interchangeable; L* is CIELAB lightness, not brightness."
C0039,KINETICS_OPTICAL_DP,P1_OPTICAL,P1_Exp38,EXTERNAL_LITERATURE,hardwood,20.0,0.26,,,0.32,6.65,,,,,,,,,696.0,,1006.0,87.84,2.27,13.0,False,kg/t -> %: x0.1; s -> min: /60 (originals kept in Literature sheet),P1_Exp38 + P2_Exp38 (joined on shared Exp number; O3 and t verified equal),"ISO and Elrepho kept in separate columns - NOT interchangeable; L* is CIELAB lightness, not brightness."
C0040,KINETICS_OPTICAL_DP,P1_OPTICAL,P1_Exp39,EXTERNAL_LITERATURE,hardwood,20.0,0.26,,,0.39,8.866666666666667,,,,,,,,,697.0,,1009.0,88.21,2.13,12.77,False,kg/t -> %: x0.1; s -> min: /60 (originals kept in Literature sheet),P1_Exp39 + P2_Exp39 (joined on shared Exp number; O3 and t verified equal),"ISO and Elrepho kept in separate columns - NOT interchangeable; L* is CIELAB lightness, not brightness."
C0041,KINETICS_OPTICAL_DP,P1_OPTICAL,P1_Exp40,EXTERNAL_LITERATURE,hardwood,20.0,0.26,,,0.54,11.083333333333334,,,,,,,,,682.0,,984.0,87.92,2.23,12.87,False,kg/t -> %: x0.1; s -> min: /60 (originals kept in Literature sheet),P1_Exp40 + P2_Exp40 (joined on shared Exp number; O3 and t verified equal),"ISO and Elrepho kept in separate columns - NOT interchangeable; L* is CIELAB lightness, not brightness."
C0042,KINETICS_OPTICAL_DP,P1_OPTICAL,P1_Exp41,EXTERNAL_LITERATURE,hardwood,20.0,2.61,,,0.19,0.6166666666666667,,,,,,,,,750.0,,1093.0,84.51,2.6,14.3,False,kg/t -> %: x0.1; s -> min: /60 (originals kept in Literature sheet),P1_Exp41 + P2_Exp41 (joined on shared Exp number; O3 and t verified equal),"ISO and Elrepho kept in separate columns - NOT interchangeable; L* is CIELAB lightness, not brightness."
C0043,KINETICS_OPTICAL_DP,P1_OPTICAL,P1_Exp42,EXTERNAL_LITERATURE,hardwood,20.0,2.61,,,0.24,2.2333333333333334,,,,,,,,,709.0,,1028.0,86.29,2.5,13.67,False,kg/t -> %: x0.1; s -> min: /60 (originals kept in Literature sheet),P1_Exp42 + P2_Exp42 (joined on shared Exp number; O3 and t verified equal),"ISO and Elrepho kept in separate columns - NOT interchangeable; L* is CIELAB lightness, not brightness."
C0044,KINETICS_OPTICAL_DP,P1_OPTICAL,P1_Exp43,EXTERNAL_LITERATURE,hardwood,20.0,2.61,,,0.32,3.35,,,,,,,,,709.0,,1027.0,86.62,2.5,13.7,False,kg/t -> %: x0.1; s -> min: /60 (originals kept in Literature sheet),P1_Exp43 + P2_Exp43 (joined on shared Exp number; O3 and t verified equal),"ISO and Elrepho kept in separate columns - NOT interchangeable; L* is CIELAB lightness, not brightness."
C0045,KINETICS_OPTICAL_DP,P1_OPTICAL,P1_Exp44,EXTERNAL_LITERATURE,hardwood,20.0,2.61,,,0.43,4.383333333333334,,,,,,,,,706.0,,1023.0,85.26,2.3,13.9,False,kg/t -> %: x0.1; s -> min: /60 (originals kept in Literature sheet),P1_Exp44 + P2_Exp44 (joined on shared Exp number; O3 and t verified equal),"ISO and Elrepho kept in separate columns - NOT interchangeable; L* is CIELAB lightness, not brightness."
C0046,KINETICS_OPTICAL_DP,P1_OPTICAL,P1_Exp45,EXTERNAL_LITERATURE,hardwood,20.0,2.61,,,0.56,6.566666666666666,,,,,,,,,687.0,,992.0,86.77,2.43,13.53,False,kg/t -> %: x0.1; s -> min: /60 (originals kept in Literature sheet),P1_Exp45 + P2_Exp45 (joined on shared Exp number; O3 and t verified equal),"ISO and Elrepho kept in separate columns - NOT interchangeable; L* is CIELAB lightness, not brightness."
C0047,KINETICS_OPTICAL_DP,P1_OPTICAL,P1_Exp46,EXTERNAL_LITERATURE,hardwood,20.0,2.61,,,0.67,8.75,,,,,,,,,648.0,,931.0,87.06,2.37,13.77,False,kg/t -> %: x0.1; s -> min: /60 (originals kept in Literature sheet),P1_Exp46 + P2_Exp46 (joined on shared Exp number; O3 and t verified equal),"ISO and Elrepho kept in separate columns - NOT interchangeable; L* is CIELAB lightness, not brightness."
C0048,KINETICS_OPTICAL_DP,P1_OPTICAL,P1_Exp47,EXTERNAL_LITERATURE,hardwood,20.0,2.61,,,0.82,10.95,,,,,,,,,652.0,,937.0,86.76,2.13,13.07,False,kg/t -> %: x0.1; s -> min: /60 (originals kept in Literature sheet),P1_Exp47 + P2_Exp47 (joined on shared Exp number; O3 and t verified equal),"ISO and Elrepho kept in separate columns - NOT interchangeable; L* is CIELAB lightness, not brightness."
C0049,KINETICS_OPTICAL_DP,P1_OPTICAL,P1_Exp48,EXTERNAL_LITERATURE,hardwood,20.0,3.86,,,0.12,1.1666666666666667,,,,,,,,,771.0,,1128.0,85.47,2.6,14.3,False,kg/t -> %: x0.1; s -> min: /60 (originals kept in Literature sheet),P1_Exp48 + P2_Exp48 (joined on shared Exp number; O3 and t verified equal),"ISO and Elrepho kept in separate columns - NOT interchangeable; L* is CIELAB lightness, not brightness."
C0050,KINETICS_OPTICAL_DP,P1_OPTICAL,P1_Exp49,EXTERNAL_LITERATURE,hardwood,20.0,3.86,,,0.29,2.3333333333333335,,,,,,,,,751.0,,1095.0,85.82,2.6,13.97,False,kg/t -> %: x0.1; s -> min: /60 (originals kept in Literature sheet),P1_Exp49 + P2_Exp49 (joined on shared Exp number; O3 and t verified equal),"ISO and Elrepho kept in separate columns - NOT interchangeable; L* is CIELAB lightness, not brightness."
C0051,KINETICS_OPTICAL_DP,P1_OPTICAL,P1_Exp50,EXTERNAL_LITERATURE,hardwood,20.0,3.86,,,0.38,3.4833333333333334,,,,,,,,,752.0,,1097.0,85.75,2.63,14.23,False,kg/t -> %: x0.1; s -> min: /60 (originals kept in Literature sheet),P1_Exp50 + P2_Exp50 (joined on shared Exp number; O3 and t verified equal),"ISO and Elrepho kept in separate columns - NOT interchangeable; L* is CIELAB lightness, not brightness."
C0052,KINETICS_OPTICAL_DP,P1_OPTICAL,P1_Exp51,EXTERNAL_LITERATURE,hardwood,20.0,3.86,,,0.47,4.65,,,,,,,,,729.0,,1060.0,86.03,2.53,13.73,False,kg/t -> %: x0.1; s -> min: /60 (originals kept in Literature sheet),P1_Exp51 + P2_Exp51 (joined on shared Exp number; O3 and t verified equal),"ISO and Elrepho kept in separate columns - NOT interchangeable; L* is CIELAB lightness, not brightness."
C0053,KINETICS_OPTICAL_DP,P1_OPTICAL,P1_Exp52,EXTERNAL_LITERATURE,hardwood,20.0,3.86,,,0.62,6.983333333333333,,,,,,,,,705.0,,1020.0,86.52,2.5,13.87,False,kg/t -> %: x0.1; s -> min: /60 (originals kept in Literature sheet),P1_Exp52 + P2_Exp52 (joined on shared Exp number; O3 and t verified equal),"ISO and Elrepho kept in separate columns - NOT interchangeable; L* is CIELAB lightness, not brightness."
C0054,KINETICS_OPTICAL_DP,P1_OPTICAL,P1_Exp53,EXTERNAL_LITERATURE,hardwood,20.0,3.86,,,0.81,9.316666666666666,,,,,,,,,689.0,,996.0,86.65,2.47,13.77,False,kg/t -> %: x0.1; s -> min: /60 (originals kept in Literature sheet),P1_Exp53 + P2_Exp53 (joined on shared Exp number; O3 and t verified equal),"ISO and Elrepho kept in separate columns - NOT interchangeable; L* is CIELAB lightness, not brightness."
C0055,KINETICS_OPTICAL_DP,P1_OPTICAL,P1_Exp54,EXTERNAL_LITERATURE,hardwood,20.0,3.86,,,0.87,11.633333333333333,,,,,,,,,658.0,,947.0,87.03,2.37,13.27,False,kg/t -> %: x0.1; s -> min: /60 (originals kept in Literature sheet),P1_Exp54 + P2_Exp54 (joined on shared Exp number; O3 and t verified equal),"ISO and Elrepho kept in separate columns - NOT interchangeable; L* is CIELAB lightness, not brightness."
C0056,KINETICS_OPTICAL_DP,P1_OPTICAL,P1_Exp55,EXTERNAL_LITERATURE,hardwood,20.0,8.83,,,0.04,1.1166666666666667,,,,,,,,,708.0,,1027.0,83.92,2.53,14.33,False,kg/t -> %: x0.1; s -> min: /60 (originals kept in Literature sheet),P1_Exp55 + P2_Exp55 (joined on shared Exp number; O3 and t verified equal),"ISO and Elrepho kept in separate columns - NOT interchangeable; L* is CIELAB lightness, not brightness."
C0057,KINETICS_OPTICAL_DP,P1_OPTICAL,P1_Exp56,EXTERNAL_LITERATURE,hardwood,20.0,8.83,,,0.28,2.216666666666667,,,,,,,,,728.0,,1058.0,84.19,2.53,14.27,False,kg/t -> %: x0.1; s -> min: /60 (originals kept in Literature sheet),P1_Exp56 + P2_Exp56 (joined on shared Exp number; O3 and t verified equal),"ISO and Elrepho kept in separate columns - NOT interchangeable; L* is CIELAB lightness, not brightness."
C0058,KINETICS_OPTICAL_DP,P1_OPTICAL,P1_Exp57,EXTERNAL_LITERATURE,hardwood,20.0,8.83,,,0.39,3.3333333333333335,,,,,,,,,703.0,,1018.0,84.43,2.47,14.13,False,kg/t -> %: x0.1; s -> min: /60 (originals kept in Literature sheet),P1_Exp57 + P2_Exp57 (joined on shared Exp number; O3 and t verified equal),"ISO and Elrepho kept in separate columns - NOT interchangeable; L* is CIELAB lightness, not brightness."
C0059,KINETICS_OPTICAL_DP,P1_OPTICAL,P1_Exp58,EXTERNAL_LITERATURE,hardwood,20.0,8.83,,,0.46,4.433333333333334,,,,,,,,,691.0,,999.0,84.64,2.43,14.03,False,kg/t -> %: x0.1; s -> min: /60 (originals kept in Literature sheet),P1_Exp58 + P2_Exp58 (joined on shared Exp number; O3 and t verified equal),"ISO and Elrepho kept in separate columns - NOT interchangeable; L* is CIELAB lightness, not brightness."
C0060,KINETICS_OPTICAL_DP,P1_OPTICAL,P1_Exp59,EXTERNAL_LITERATURE,hardwood,20.0,8.83,,,0.59,6.666666666666667,,,,,,,,,681.0,,983.0,84.47,2.57,14.23,False,kg/t -> %: x0.1; s -> min: /60 (originals kept in Literature sheet),P1_Exp59 + P2_Exp59 (joined on shared Exp number; O3 and t verified equal),"ISO and Elrepho kept in separate columns - NOT interchangeable; L* is CIELAB lightness, not brightness."
C0061,KINETICS_OPTICAL_DP,P1_OPTICAL,P1_Exp60,EXTERNAL_LITERATURE,hardwood,20.0,8.83,,,0.71,8.883333333333333,,,,,,,,,663.0,,954.0,85.24,2.37,13.83,False,kg/t -> %: x0.1; s -> min: /60 (originals kept in Literature sheet),P1_Exp60 + P2_Exp60 (joined on shared Exp number; O3 and t verified equal),"ISO and Elrepho kept in separate columns - NOT interchangeable; L* is CIELAB lightness, not brightness."
C0062,KINETICS_OPTICAL_DP,P1_OPTICAL,P1_Exp61,EXTERNAL_LITERATURE,hardwood,20.0,8.83,,,1.09,11.116666666666667,,,,,,,,,644.0,,924.0,85.9,2.3,13.4,False,kg/t -> %: x0.1; s -> min: /60 (originals kept in Literature sheet),P1_Exp61 + P2_Exp61 (joined on shared Exp number; O3 and t verified equal),"ISO and Elrepho kept in separate columns - NOT interchangeable; L* is CIELAB lightness, not brightness."
C0063,PULP_QUALITY_KAPPA_BRIGHTNESS,P3_EKP,P3_T1_r1,EXTERNAL_LITERATURE,eucalyptus (hardwood),,2.0,3.0,1.2,,30.0,none,,,8.8,65.2,,,,,,,,,,False,kg/t -> %: x0.1; s -> min: /60 (originals kept in Literature sheet),P3_T1_r1,"ISO and Elrepho kept in separate columns - NOT interchangeable; L* is CIELAB lightness, not brightness."
C0064,PULP_QUALITY_KAPPA_BRIGHTNESS,P3_EKP,P3_T1_r2,EXTERNAL_LITERATURE,eucalyptus (hardwood),,2.0,3.0,1.2,,30.0,NP-10,,,7.9,68.0,,,,,,,,,,False,kg/t -> %: x0.1; s -> min: /60 (originals kept in Literature sheet),P3_T1_r2,"ISO and Elrepho kept in separate columns - NOT interchangeable; L* is CIELAB lightness, not brightness."
C0065,PULP_QUALITY_KAPPA_BRIGHTNESS,P3_EKP,P3_T1_r3,EXTERNAL_LITERATURE,eucalyptus (hardwood),,2.0,15.0,1.2,,15.0,none,,,9.5,65.1,,,,,,,,,,False,kg/t -> %: x0.1; s -> min: /60 (originals kept in Literature sheet),P3_T1_r3,"ISO and Elrepho kept in separate columns - NOT interchangeable; L* is CIELAB lightness, not brightness."
C0066,PULP_QUALITY_KAPPA_BRIGHTNESS,P3_EKP,P3_T1_r4,EXTERNAL_LITERATURE,eucalyptus (hardwood),,2.0,15.0,1.2,,15.0,NP-10,,,8.3,69.4,,,,,,,,,,False,kg/t -> %: x0.1; s -> min: /60 (originals kept in Literature sheet),P3_T1_r4,"ISO and Elrepho kept in separate columns - NOT interchangeable; L* is CIELAB lightness, not brightness."
C0067,PULP_QUALITY_KAPPA_BRIGHTNESS,P3_EKP,P3_T1_r5,EXTERNAL_LITERATURE,eucalyptus (hardwood),,2.0,35.0,1.2,,3.0,none,,,9.1,66.4,,,,,,,,,,False,kg/t -> %: x0.1; s -> min: /60 (originals kept in Literature sheet),P3_T1_r5,"ISO and Elrepho kept in separate columns - NOT interchangeable; L* is CIELAB lightness, not brightness."
C0068,PULP_QUALITY_KAPPA_BRIGHTNESS,P3_EKP,P3_T1_r6,EXTERNAL_LITERATURE,eucalyptus (hardwood),,2.0,35.0,1.2,,3.0,NP-10,,,8.1,70.2,,,,,,,,,,False,kg/t -> %: x0.1; s -> min: /60 (originals kept in Literature sheet),P3_T1_r6,"ISO and Elrepho kept in separate columns - NOT interchangeable; L* is CIELAB lightness, not brightness."
C0069,OZONE_MASS_TRANSFER_ADDITIVES,P3_EKP,P3_T2_r1,EXTERNAL_LITERATURE,,,,,,,,No additive,,,,,,,,,,,,,,False,kg/t -> %: x0.1; s -> min: /60 (originals kept in Literature sheet),P3_T2_r1,"ISO and Elrepho kept in separate columns - NOT interchangeable; L* is CIELAB lightness, not brightness."
C0070,OZONE_MASS_TRANSFER_ADDITIVES,P3_EKP,P3_T2_r2,EXTERNAL_LITERATURE,,,,,,,,Tert-Butyl alcohol,,,,,,,,,,,,,,False,kg/t -> %: x0.1; s -> min: /60 (originals kept in Literature sheet),P3_T2_r2,"ISO and Elrepho kept in separate columns - NOT interchangeable; L* is CIELAB lightness, not brightness."
C0071,OZONE_MASS_TRANSFER_ADDITIVES,P3_EKP,P3_T2_r3,EXTERNAL_LITERATURE,,,,,,,,1-Butyl alcohol,,,,,,,,,,,,,,False,kg/t -> %: x0.1; s -> min: /60 (originals kept in Literature sheet),P3_T2_r3,"ISO and Elrepho kept in separate columns - NOT interchangeable; L* is CIELAB lightness, not brightness."
C0072,OZONE_MASS_TRANSFER_ADDITIVES,P3_EKP,P3_T2_r4,EXTERNAL_LITERATURE,,,,,,,,Dimethylformamide,,,,,,,,,,,,,,False,kg/t -> %: x0.1; s -> min: /60 (originals kept in Literature sheet),P3_T2_r4,"ISO and Elrepho kept in separate columns - NOT interchangeable; L* is CIELAB lightness, not brightness."
C0073,OZONE_MASS_TRANSFER_ADDITIVES,P3_EKP,P3_T2_r5,EXTERNAL_LITERATURE,,,,,,,,Dimethyl sulphoxide,,,,,,,,,,,,,,False,kg/t -> %: x0.1; s -> min: /60 (originals kept in Literature sheet),P3_T2_r5,"ISO and Elrepho kept in separate columns - NOT interchangeable; L* is CIELAB lightness, not brightness."
C0074,OZONE_MASS_TRANSFER_ADDITIVES,P3_EKP,P3_T2_r6,EXTERNAL_LITERATURE,,,,,,,,Ethyl acetate,,,,,,,,,,,,,,False,kg/t -> %: x0.1; s -> min: /60 (originals kept in Literature sheet),P3_T2_r6,"ISO and Elrepho kept in separate columns - NOT interchangeable; L* is CIELAB lightness, not brightness."
C0075,OZONE_MASS_TRANSFER_ADDITIVES,P3_EKP,P3_T2_r7,EXTERNAL_LITERATURE,,,,,,,,Acetic acid,,,,,,,,,,,,,,False,kg/t -> %: x0.1; s -> min: /60 (originals kept in Literature sheet),P3_T2_r7,"ISO and Elrepho kept in separate columns - NOT interchangeable; L* is CIELAB lightness, not brightness."
C0076,OZONE_MASS_TRANSFER_ADDITIVES,P3_EKP,P3_T2_r8,EXTERNAL_LITERATURE,,,,,,,,Oxalic acid,,,,,,,,,,,,,,False,kg/t -> %: x0.1; s -> min: /60 (originals kept in Literature sheet),P3_T2_r8,"ISO and Elrepho kept in separate columns - NOT interchangeable; L* is CIELAB lightness, not brightness."
C0077,OZONE_MASS_TRANSFER_ADDITIVES,P3_EKP,P3_T2_r9,EXTERNAL_LITERATURE,,,,,,,,NP-10,,,,,,,,,,,,,,False,kg/t -> %: x0.1; s -> min: /60 (originals kept in Literature sheet),P3_T2_r9,"ISO and Elrepho kept in separate columns - NOT interchangeable; L* is CIELAB lightness, not brightness."
C0078,PULP_QUALITY_KAPPA_BRIGHTNESS,P5_ORGANOSOLV,P5_T1_reference,EXTERNAL_LITERATURE,Pinus radiata (softwood),,,,,,,,,,16.0,,37.2,27.0,,,,,,,,True,kg/t -> %: x0.1; s -> min: /60 (originals kept in Literature sheet),P5_T1_reference,"ISO and Elrepho kept in separate columns - NOT interchangeable; L* is CIELAB lightness, not brightness."
C0079,PULP_QUALITY_KAPPA_BRIGHTNESS,P5_ORGANOSOLV,P5_T1_r1,EXTERNAL_LITERATURE,Pinus radiata (softwood),,,,,1.1,,,Acetic acid 96%,16.0,6.9,,58.6,18.9,,,1.9,,,,,False,kg/t -> %: x0.1; s -> min: /60 (originals kept in Literature sheet),P5_T1_r1,"ISO and Elrepho kept in separate columns - NOT interchangeable; L* is CIELAB lightness, not brightness."
C0080,PULP_QUALITY_KAPPA_BRIGHTNESS,P5_ORGANOSOLV,P5_T1_r2,EXTERNAL_LITERATURE,Pinus radiata (softwood),,,,,1.1,,,Acetic acid 90%,16.0,5.4,,60.5,18.1,,,2.0,,,,,False,kg/t -> %: x0.1; s -> min: /60 (originals kept in Literature sheet),P5_T1_r2,"ISO and Elrepho kept in separate columns - NOT interchangeable; L* is CIELAB lightness, not brightness."
C0081,PULP_QUALITY_KAPPA_BRIGHTNESS,P5_ORGANOSOLV,P5_T1_r3,EXTERNAL_LITERATURE,Pinus radiata (softwood),,,,,1.1,,,Acetic acid 80%,16.0,4.9,,63.8,18.3,,,2.15,,,,,False,kg/t -> %: x0.1; s -> min: /60 (originals kept in Literature sheet),P5_T1_r3,"ISO and Elrepho kept in separate columns - NOT interchangeable; L* is CIELAB lightness, not brightness."
C0082,PULP_QUALITY_KAPPA_BRIGHTNESS,P5_ORGANOSOLV,P5_T1_r4,EXTERNAL_LITERATURE,Pinus radiata (softwood),,,,,1.1,,,Acetic acid 70%,16.0,4.9,,64.0,18.0,,,2.08,,,,,False,kg/t -> %: x0.1; s -> min: /60 (originals kept in Literature sheet),P5_T1_r4,"ISO and Elrepho kept in separate columns - NOT interchangeable; L* is CIELAB lightness, not brightness."
C0083,PULP_QUALITY_KAPPA_BRIGHTNESS,P5_ORGANOSOLV,P5_T1_r5,EXTERNAL_LITERATURE,Pinus radiata (softwood),,,,,1.1,,,Acetic acid 48%,16.0,5.7,,59.4,18.0,,,1.93,,,,,False,kg/t -> %: x0.1; s -> min: /60 (originals kept in Literature sheet),P5_T1_r5,"ISO and Elrepho kept in separate columns - NOT interchangeable; L* is CIELAB lightness, not brightness."
C0084,PULP_QUALITY_KAPPA_BRIGHTNESS,P5_ORGANOSOLV,P5_T1_r6,EXTERNAL_LITERATURE,Pinus radiata (softwood),,,,,1.1,,,Formic acid 98%,16.0,4.1,,64.7,18.1,,,2.25,,,,,False,kg/t -> %: x0.1; s -> min: /60 (originals kept in Literature sheet),P5_T1_r6,"ISO and Elrepho kept in separate columns - NOT interchangeable; L* is CIELAB lightness, not brightness."
C0085,PULP_QUALITY_KAPPA_BRIGHTNESS,P5_ORGANOSOLV,P5_T1_r7,EXTERNAL_LITERATURE,Pinus radiata (softwood),,,,,1.1,,,Formic acid-water 1:1 (V/V),16.0,5.9,,59.3,18.5,,,2.0,,,,,False,kg/t -> %: x0.1; s -> min: /60 (originals kept in Literature sheet),P5_T1_r7,"ISO and Elrepho kept in separate columns - NOT interchangeable; L* is CIELAB lightness, not brightness."
C0086,PULP_QUALITY_KAPPA_BRIGHTNESS,P5_ORGANOSOLV,P5_T1_r8,EXTERNAL_LITERATURE,Pinus radiata (softwood),,,,,1.1,,,Formic acid-acetone 7:3 (V/V),16.0,5.6,,61.3,18.8,,,2.14,,,,,False,kg/t -> %: x0.1; s -> min: /60 (originals kept in Literature sheet),P5_T1_r8,"ISO and Elrepho kept in separate columns - NOT interchangeable; L* is CIELAB lightness, not brightness."
C0087,PULP_QUALITY_KAPPA_BRIGHTNESS,P5_ORGANOSOLV,P5_T1_r9,EXTERNAL_LITERATURE,Pinus radiata (softwood),,,,,1.1,,,Formic acid-acetone 1:1 (V/V),16.0,5.1,,62.3,17.9,,,2.02,,,,,False,kg/t -> %: x0.1; s -> min: /60 (originals kept in Literature sheet),P5_T1_r9,"ISO and Elrepho kept in separate columns - NOT interchangeable; L* is CIELAB lightness, not brightness."
C0088,PULP_QUALITY_KAPPA_BRIGHTNESS,P5_ORGANOSOLV,P5_T1_r10,EXTERNAL_LITERATURE,Pinus radiata (softwood),,,,,1.1,,,Formic acid-acetone 3:7 (V/V),16.0,5.7,,61.5,18.8,,,2.12,,,,,False,kg/t -> %: x0.1; s -> min: /60 (originals kept in Literature sheet),P5_T1_r10,"ISO and Elrepho kept in separate columns - NOT interchangeable; L* is CIELAB lightness, not brightness."
C0089,PULP_QUALITY_KAPPA_BRIGHTNESS,P5_ORGANOSOLV,P5_T1_r11,EXTERNAL_LITERATURE,Pinus radiata (softwood),,,,,1.1,,,Acetic acid-acetone 7:3 (V/V),16.0,6.8,,59.7,19.1,,,1.96,,,,,False,kg/t -> %: x0.1; s -> min: /60 (originals kept in Literature sheet),P5_T1_r11,"ISO and Elrepho kept in separate columns - NOT interchangeable; L* is CIELAB lightness, not brightness."
C0090,PULP_QUALITY_KAPPA_BRIGHTNESS,P5_ORGANOSOLV,P5_T1_r12,EXTERNAL_LITERATURE,Pinus radiata (softwood),,,,,1.1,,,Acetic acid-acetone 1:1 (V/V),16.0,7.8,,57.2,20.5,,,2.13,,,,,False,kg/t -> %: x0.1; s -> min: /60 (originals kept in Literature sheet),P5_T1_r12,"ISO and Elrepho kept in separate columns - NOT interchangeable; L* is CIELAB lightness, not brightness."
C0091,PULP_QUALITY_KAPPA_BRIGHTNESS,P5_ORGANOSOLV,P5_T1_r13,EXTERNAL_LITERATURE,Pinus radiata (softwood),,,,,1.1,,,Acetic acid-acetone 3:7 (V/V),16.0,7.2,,57.5,15.3,,,1.27,,,,,False,kg/t -> %: x0.1; s -> min: /60 (originals kept in Literature sheet),P5_T1_r13,"ISO and Elrepho kept in separate columns - NOT interchangeable; L* is CIELAB lightness, not brightness."
C0092,PULP_QUALITY_KAPPA_BRIGHTNESS,P5_ORGANOSOLV,P5_T1_r14,EXTERNAL_LITERATURE,Pinus radiata (softwood),,,,,1.1,,,Acetone,16.0,11.7,,47.4,16.6,,,0.7,,,,,False,kg/t -> %: x0.1; s -> min: /60 (originals kept in Literature sheet),P5_T1_r14,"ISO and Elrepho kept in separate columns - NOT interchangeable; L* is CIELAB lightness, not brightness."
C0093,PULP_QUALITY_KAPPA_BRIGHTNESS,P5_ORGANOSOLV,P5_T1_r15,EXTERNAL_LITERATURE,Pinus radiata (softwood),,2.5,,,1.1,,,"Water, pH 2.5",16.0,6.7,,57.9,16.7,,,1.52,,,,,False,kg/t -> %: x0.1; s -> min: /60 (originals kept in Literature sheet),P5_T1_r15,"ISO and Elrepho kept in separate columns - NOT interchangeable; L* is CIELAB lightness, not brightness."
C0094,PULP_QUALITY_KAPPA_BRIGHTNESS,P5_ORGANOSOLV,P5_T2_r1,EXTERNAL_LITERATURE,Pinus radiata (softwood),,,,,0.9,,,Formic acid 98%,16.0,6.6,,50.8,18.1,,,1.78,,,,,False,kg/t -> %: x0.1; s -> min: /60 (originals kept in Literature sheet),P5_T2_r1,"ISO and Elrepho kept in separate columns - NOT interchangeable; L* is CIELAB lightness, not brightness."
C0095,PULP_QUALITY_KAPPA_BRIGHTNESS,P5_ORGANOSOLV,P5_T2_r2,EXTERNAL_LITERATURE,Pinus radiata (softwood),,,,,1.1,,,Formic acid 98%,16.0,4.2,,62.6,17.6,,,2.12,,,,,False,kg/t -> %: x0.1; s -> min: /60 (originals kept in Literature sheet),P5_T2_r2,"ISO and Elrepho kept in separate columns - NOT interchangeable; L* is CIELAB lightness, not brightness."
C0096,PULP_QUALITY_KAPPA_BRIGHTNESS,P5_ORGANOSOLV,P5_T2_r3,EXTERNAL_LITERATURE,Pinus radiata (softwood),,,,,1.4,,,Formic acid 98%,16.0,3.5,,67.5,16.0,,,1.92,,,,,False,kg/t -> %: x0.1; s -> min: /60 (originals kept in Literature sheet),P5_T2_r3,"ISO and Elrepho kept in separate columns - NOT interchangeable; L* is CIELAB lightness, not brightness."
C0097,PULP_QUALITY_KAPPA_BRIGHTNESS,P5_ORGANOSOLV,P5_T2_r4,EXTERNAL_LITERATURE,Pinus radiata (softwood),,,,,1.7,,,Formic acid 98%,16.0,3.1,,70.3,15.7,,,1.93,,,,,False,kg/t -> %: x0.1; s -> min: /60 (originals kept in Literature sheet),P5_T2_r4,"ISO and Elrepho kept in separate columns - NOT interchangeable; L* is CIELAB lightness, not brightness."
C0098,PULP_QUALITY_KAPPA_BRIGHTNESS,P5_ORGANOSOLV,P5_T3_P1,EXTERNAL_LITERATURE,Pinus radiata (softwood),,,,,1.1,,,Z then P (1% H2O2),16.0,1.7,,76.3,15.1,,,,,,,,False,kg/t -> %: x0.1; s -> min: /60 (originals kept in Literature sheet),P5_T3_P1,"ISO and Elrepho kept in separate columns - NOT interchangeable; L* is CIELAB lightness, not brightness."
C0099,PULP_QUALITY_KAPPA_BRIGHTNESS,P5_ORGANOSOLV,P5_T3_P2,EXTERNAL_LITERATURE,Pinus radiata (softwood),,,,,1.4,,,Z then P (1% H2O2),16.0,1.1,,80.7,14.7,,,,,,,,False,kg/t -> %: x0.1; s -> min: /60 (originals kept in Literature sheet),P5_T3_P2,"ISO and Elrepho kept in separate columns - NOT interchangeable; L* is CIELAB lightness, not brightness."
C0100,PULP_QUALITY_KAPPA_BRIGHTNESS,P5_ORGANOSOLV,P5_T3_P3,EXTERNAL_LITERATURE,Pinus radiata (softwood),,,,,1.7,,,Z then P (1% H2O2),16.0,0.9,,83.1,13.9,,,,,,,,False,kg/t -> %: x0.1; s -> min: /60 (originals kept in Literature sheet),P5_T3_P3,"ISO and Elrepho kept in separate columns - NOT interchangeable; L* is CIELAB lightness, not brightness."
C0101,PULP_QUALITY_KAPPA_BRIGHTNESS,P5_ORGANOSOLV,P5_T4_r1,EXTERNAL_LITERATURE,Pinus radiata (softwood),,,,,0.9,,,Formic medium,16.0,6.6,,57.6,18.1,,,1.78,,,,,False,kg/t -> %: x0.1; s -> min: /60 (originals kept in Literature sheet),P5_T4_r1,"ISO and Elrepho kept in separate columns - NOT interchangeable; L* is CIELAB lightness, not brightness."
C0102,PULP_QUALITY_KAPPA_BRIGHTNESS,P5_ORGANOSOLV,P5_T4_r2,EXTERNAL_LITERATURE,Pinus radiata (softwood),,,,,0.9,,,Formic medium,16.0,2.2,,72.0,16.1,,,,,,,,False,kg/t -> %: x0.1; s -> min: /60 (originals kept in Literature sheet),P5_T4_r2,"ISO and Elrepho kept in separate columns - NOT interchangeable; L* is CIELAB lightness, not brightness."
C0103,PULP_QUALITY_KAPPA_BRIGHTNESS,P5_ORGANOSOLV,P5_T4_r3,EXTERNAL_LITERATURE,Pinus radiata (softwood),,2.5,,,0.9,,,"pH 2.5 water-medium, formic-wet pulp",16.0,7.5,,57.5,13.0,,,1.02,,,,,False,kg/t -> %: x0.1; s -> min: /60 (originals kept in Literature sheet),P5_T4_r3,"ISO and Elrepho kept in separate columns - NOT interchangeable; L* is CIELAB lightness, not brightness."
C0104,PULP_QUALITY_KAPPA_BRIGHTNESS,P5_ORGANOSOLV,P5_T4_r4,EXTERNAL_LITERATURE,Pinus radiata (softwood),,2.5,,,0.9,,,"pH 2.5 water-medium, formic-wet pulp",16.0,2.8,,72.2,11.8,,,,,,,,False,kg/t -> %: x0.1; s -> min: /60 (originals kept in Literature sheet),P5_T4_r4,"ISO and Elrepho kept in separate columns - NOT interchangeable; L* is CIELAB lightness, not brightness."
C0105,PULP_QUALITY_KAPPA_BRIGHTNESS,P5_ORGANOSOLV,P5_T4_r5,EXTERNAL_LITERATURE,Pinus radiata (softwood),,2.5,,,0.9,,,pH 2.5 water-medium,16.0,9.9,,50.8,14.1,,,0.8,,,,,False,kg/t -> %: x0.1; s -> min: /60 (originals kept in Literature sheet),P5_T4_r5,"ISO and Elrepho kept in separate columns - NOT interchangeable; L* is CIELAB lightness, not brightness."
C0106,PULP_QUALITY_KAPPA_BRIGHTNESS,P5_ORGANOSOLV,P5_T4_r6,EXTERNAL_LITERATURE,Pinus radiata (softwood),,2.5,,,0.9,,,pH 2.5 water-medium,16.0,4.2,,67.6,12.5,,,,,,,,False,kg/t -> %: x0.1; s -> min: /60 (originals kept in Literature sheet),P5_T4_r6,"ISO and Elrepho kept in separate columns - NOT interchangeable; L* is CIELAB lightness, not brightness."
C0107,PULP_QUALITY_KAPPA_BRIGHTNESS,P6_PROTECTORS,P6_T1_r1,EXTERNAL_LITERATURE,,,,,0.3,0.1852,,none,,,6.39,47.92,,,,763.0,,,,,,False,kg/t -> %: x0.1; s -> min: /60 (originals kept in Literature sheet),P6_T1_r1,"ISO and Elrepho kept in separate columns - NOT interchangeable; L* is CIELAB lightness, not brightness."
C0108,PULP_QUALITY_KAPPA_BRIGHTNESS,P6_PROTECTORS,P6_T1_r2,EXTERNAL_LITERATURE,,,,,0.3,0.2393,,Methylhydroxyethyl cellulose,,,7.34,54.36,,,,647.0,,,,,,False,kg/t -> %: x0.1; s -> min: /60 (originals kept in Literature sheet),P6_T1_r2,"ISO and Elrepho kept in separate columns - NOT interchangeable; L* is CIELAB lightness, not brightness."
C0109,PULP_QUALITY_KAPPA_BRIGHTNESS,P6_PROTECTORS,P6_T1_r3,EXTERNAL_LITERATURE,,,,,0.3,0.1535,,Zirconium(IV) propoxide,,,8.41,49.43,,,,723.0,,,,,,False,kg/t -> %: x0.1; s -> min: /60 (originals kept in Literature sheet),P6_T1_r3,"ISO and Elrepho kept in separate columns - NOT interchangeable; L* is CIELAB lightness, not brightness."
C0110,PULP_QUALITY_KAPPA_BRIGHTNESS,P6_PROTECTORS,P6_T1_r4,EXTERNAL_LITERATURE,,,,,0.3,0.1964,,2-tert-butyl-5-aminopyrimidine,,,10.17,50.25,,,,808.0,,,,,,False,kg/t -> %: x0.1; s -> min: /60 (originals kept in Literature sheet),P6_T1_r4,"ISO and Elrepho kept in separate columns - NOT interchangeable; L* is CIELAB lightness, not brightness."
C0111,PULP_QUALITY_KAPPA_BRIGHTNESS,P6_PROTECTORS,P6_T1_r5,EXTERNAL_LITERATURE,,,,,0.3,0.1311,,Ammonium molybdate,,,6.99,54.21,,,,745.0,,,,,,False,kg/t -> %: x0.1; s -> min: /60 (originals kept in Literature sheet),P6_T1_r5,"ISO and Elrepho kept in separate columns - NOT interchangeable; L* is CIELAB lightness, not brightness."
C0112,PULP_QUALITY_KAPPA_BRIGHTNESS,P6_PROTECTORS,P6_T1_r6,EXTERNAL_LITERATURE,,,,,0.3,0.133,,Urea,,,6.36,53.58,,,,745.0,,,,,,False,kg/t -> %: x0.1; s -> min: /60 (originals kept in Literature sheet),P6_T1_r6,"ISO and Elrepho kept in separate columns - NOT interchangeable; L* is CIELAB lightness, not brightness."
C0113,PULP_QUALITY_KAPPA_BRIGHTNESS,P6_PROTECTORS,P6_T1_r7,EXTERNAL_LITERATURE,,,,,0.3,0.1664,,Salicylic acid,,,6.45,56.14,,,,728.0,,,,,,False,kg/t -> %: x0.1; s -> min: /60 (originals kept in Literature sheet),P6_T1_r7,"ISO and Elrepho kept in separate columns - NOT interchangeable; L* is CIELAB lightness, not brightness."
C0114,PULP_QUALITY_KAPPA_BRIGHTNESS,P6_PROTECTORS,P6_T1_r8,EXTERNAL_LITERATURE,,,,,0.3,0.1397,,Cationic potato starch,,,6.93,51.13,,,,740.0,,,,,,False,kg/t -> %: x0.1; s -> min: /60 (originals kept in Literature sheet),P6_T1_r8,"ISO and Elrepho kept in separate columns - NOT interchangeable; L* is CIELAB lightness, not brightness."
C0115,PULP_QUALITY_KAPPA_BRIGHTNESS,P6_PROTECTORS,P6_T1_r9,EXTERNAL_LITERATURE,,,,,0.3,0.1444,,D-mannitol,,,6.03,50.17,,,,814.0,,,,,,False,kg/t -> %: x0.1; s -> min: /60 (originals kept in Literature sheet),P6_T1_r9,"ISO and Elrepho kept in separate columns - NOT interchangeable; L* is CIELAB lightness, not brightness."
C0116,PULP_QUALITY_KAPPA_BRIGHTNESS,P6_PROTECTORS,P6_T1_r10,EXTERNAL_LITERATURE,,,,,0.3,0.1432,,Magnesium ethoxide,,,5.9,54.25,,,,693.0,,,,,,False,kg/t -> %: x0.1; s -> min: /60 (originals kept in Literature sheet),P6_T1_r10,"ISO and Elrepho kept in separate columns - NOT interchangeable; L* is CIELAB lightness, not brightness."
C0117,OZONE_UTILISATION_REACTOR,PAT1_US20030006017A1,PAT1_T1_r1,EXTERNAL_LITERATURE,,,,,0.24,0.22000000000000003,5.0,,,,,,,,,,,,,,,False,kg/t -> %: x0.1; s -> min: /60 (originals kept in Literature sheet),PAT1_T1_r1,"ISO and Elrepho kept in separate columns - NOT interchangeable; L* is CIELAB lightness, not brightness."
C0118,OZONE_UTILISATION_REACTOR,PAT1_US20030006017A1,PAT1_T1_r2,EXTERNAL_LITERATURE,,,,,0.4,0.39,5.0,,,,,,,,,,,,,,,False,kg/t -> %: x0.1; s -> min: /60 (originals kept in Literature sheet),PAT1_T1_r2,"ISO and Elrepho kept in separate columns - NOT interchangeable; L* is CIELAB lightness, not brightness."
C0119,OZONE_UTILISATION_REACTOR,PAT1_US20030006017A1,PAT1_T1_r3,EXTERNAL_LITERATURE,,,,,0.61,0.58,5.0,,,,,,,,,,,,,,,False,kg/t -> %: x0.1; s -> min: /60 (originals kept in Literature sheet),PAT1_T1_r3,"ISO and Elrepho kept in separate columns - NOT interchangeable; L* is CIELAB lightness, not brightness."
C0120,OZONE_UTILISATION_REACTOR,PAT1_US20030006017A1,PAT1_T1_r4,EXTERNAL_LITERATURE,,,,,0.73,0.7000000000000001,5.0,,,,,,,,,,,,,,,False,kg/t -> %: x0.1; s -> min: /60 (originals kept in Literature sheet),PAT1_T1_r4,"ISO and Elrepho kept in separate columns - NOT interchangeable; L* is CIELAB lightness, not brightness."
C0121,OZONE_UTILISATION_REACTOR,PAT1_US20030006017A1,PAT1_T2_r1,EXTERNAL_LITERATURE,,,,,0.63,,,,,,,,,,,,,,,,,False,kg/t -> %: x0.1; s -> min: /60 (originals kept in Literature sheet),PAT1_T2_r1,"ISO and Elrepho kept in separate columns - NOT interchangeable; L* is CIELAB lightness, not brightness."
C0122,OZONE_UTILISATION_REACTOR,PAT1_US20030006017A1,PAT1_T2_r2,EXTERNAL_LITERATURE,,,,,0.63,,,,,,,,,,,,,,,,,False,kg/t -> %: x0.1; s -> min: /60 (originals kept in Literature sheet),PAT1_T2_r2,"ISO and Elrepho kept in separate columns - NOT interchangeable; L* is CIELAB lightness, not brightness."
C0123,OZONE_UTILISATION_REACTOR,PAT1_US20030006017A1,PAT1_T2_r3,EXTERNAL_LITERATURE,,,,,0.63,,,,,,,,,,,,,,,,,False,kg/t -> %: x0.1; s -> min: /60 (originals kept in Literature sheet),PAT1_T2_r3,"ISO and Elrepho kept in separate columns - NOT interchangeable; L* is CIELAB lightness, not brightness."
C0124,PULP_QUALITY_KAPPA_BRIGHTNESS,PAT1_US20030006017A1,PAT1_T34_run1_Bottom,EXTERNAL_LITERATURE,,40.0,2.4,3.8,0.551,0.479,6.4,,,30.8,,,,,,,,,,,,False,kg/t -> %: x0.1; s -> min: /60 (originals kept in Literature sheet),PAT1_T34_run1_Bottom,"ISO and Elrepho kept in separate columns - NOT interchangeable; L* is CIELAB lightness, not brightness."
C0125,PULP_QUALITY_KAPPA_BRIGHTNESS,PAT1_US20030006017A1,PAT1_T34_run1_Top,EXTERNAL_LITERATURE,,40.0,2.4,3.8,0.551,0.55,6.4,,,30.8,,,,,,,,,,,,False,kg/t -> %: x0.1; s -> min: /60 (originals kept in Literature sheet),PAT1_T34_run1_Top,"ISO and Elrepho kept in separate columns - NOT interchangeable; L* is CIELAB lightness, not brightness."
C0126,PULP_QUALITY_KAPPA_BRIGHTNESS,PAT1_US20030006017A1,PAT1_T34_run2_Bottom,EXTERNAL_LITERATURE,,40.0,2.4,3.8,0.566,0.53,6.4,,,30.8,27.0,31.4,,,25.3,,,,,,,False,kg/t -> %: x0.1; s -> min: /60 (originals kept in Literature sheet),PAT1_T34_run2_Bottom,"ISO and Elrepho kept in separate columns - NOT interchangeable; L* is CIELAB lightness, not brightness."
C0127,PULP_QUALITY_KAPPA_BRIGHTNESS,PAT1_US20030006017A1,PAT1_T34_run2_Top,EXTERNAL_LITERATURE,,40.0,2.4,3.8,0.566,0.565,6.4,,,30.8,24.1,32.2,,,23.3,,,,,,,False,kg/t -> %: x0.1; s -> min: /60 (originals kept in Literature sheet),PAT1_T34_run2_Top,"ISO and Elrepho kept in separate columns - NOT interchangeable; L* is CIELAB lightness, not brightness."
