Paper_ID,Table_ID,Description,Temperature_C,Time_min,Value_Name,Value,Ozone_Dose_pct,pH,Value_Type
P4_LCKIN,Table 1,"ln k (rate constant, CALCULATED)",25.0,5.0,ln_k,-10.027,,,CALCULATED (model fit / derived by the paper's authors) - NOT an observation
P4_LCKIN,Table 1,"ln k (rate constant, CALCULATED)",25.0,10.0,ln_k,-10.192,,,CALCULATED (model fit / derived by the paper's authors) - NOT an observation
P4_LCKIN,Table 1,"ln k (rate constant, CALCULATED)",25.0,15.0,ln_k,-10.167,,,CALCULATED (model fit / derived by the paper's authors) - NOT an observation
P4_LCKIN,Table 1,"ln k (rate constant, CALCULATED)",25.0,20.0,ln_k,-10.098,,,CALCULATED (model fit / derived by the paper's authors) - NOT an observation
P4_LCKIN,Table 1,"ln k (rate constant, CALCULATED)",25.0,25.0,ln_k,-10.01,,,CALCULATED (model fit / derived by the paper's authors) - NOT an observation
P4_LCKIN,Table 1,"ln k (rate constant, CALCULATED)",25.0,30.0,ln_k,-9.982,,,CALCULATED (model fit / derived by the paper's authors) - NOT an observation
P4_LCKIN,Table 1,"ln k (rate constant, CALCULATED)",25.0,35.0,ln_k,-10.111,,,CALCULATED (model fit / derived by the paper's authors) - NOT an observation
P4_LCKIN,Table 1,"ln k (rate constant, CALCULATED)",25.0,40.0,ln_k,-10.159,,,CALCULATED (model fit / derived by the paper's authors) - NOT an observation
P4_LCKIN,Table 1,"ln k (rate constant, CALCULATED)",30.0,5.0,ln_k,-10.22,,,CALCULATED (model fit / derived by the paper's authors) - NOT an observation
P4_LCKIN,Table 1,"ln k (rate constant, CALCULATED)",30.0,10.0,ln_k,-10.357,,,CALCULATED (model fit / derived by the paper's authors) - NOT an observation
P4_LCKIN,Table 1,"ln k (rate constant, CALCULATED)",30.0,15.0,ln_k,-10.459,,,CALCULATED (model fit / derived by the paper's authors) - NOT an observation
P4_LCKIN,Table 1,"ln k (rate constant, CALCULATED)",30.0,20.0,ln_k,-10.304,,,CALCULATED (model fit / derived by the paper's authors) - NOT an observation
P4_LCKIN,Table 1,"ln k (rate constant, CALCULATED)",30.0,25.0,ln_k,-10.31,,,CALCULATED (model fit / derived by the paper's authors) - NOT an observation
P4_LCKIN,Table 1,"ln k (rate constant, CALCULATED)",30.0,30.0,ln_k,-10.277,,,CALCULATED (model fit / derived by the paper's authors) - NOT an observation
P4_LCKIN,Table 1,"ln k (rate constant, CALCULATED)",30.0,35.0,ln_k,-10.416,,,CALCULATED (model fit / derived by the paper's authors) - NOT an observation
P4_LCKIN,Table 1,"ln k (rate constant, CALCULATED)",30.0,40.0,ln_k,-10.508,,,CALCULATED (model fit / derived by the paper's authors) - NOT an observation
P4_LCKIN,Table 1,"ln k (rate constant, CALCULATED)",35.0,5.0,ln_k,-10.4,,,CALCULATED (model fit / derived by the paper's authors) - NOT an observation
P4_LCKIN,Table 1,"ln k (rate constant, CALCULATED)",35.0,10.0,ln_k,-10.583,,,CALCULATED (model fit / derived by the paper's authors) - NOT an observation
P4_LCKIN,Table 1,"ln k (rate constant, CALCULATED)",35.0,15.0,ln_k,-10.632,,,CALCULATED (model fit / derived by the paper's authors) - NOT an observation
P4_LCKIN,Table 1,"ln k (rate constant, CALCULATED)",35.0,20.0,ln_k,-10.646,,,CALCULATED (model fit / derived by the paper's authors) - NOT an observation
P4_LCKIN,Table 1,"ln k (rate constant, CALCULATED)",35.0,25.0,ln_k,-10.706,,,CALCULATED (model fit / derived by the paper's authors) - NOT an observation
P4_LCKIN,Table 1,"ln k (rate constant, CALCULATED)",35.0,30.0,ln_k,-10.723,,,CALCULATED (model fit / derived by the paper's authors) - NOT an observation
P4_LCKIN,Table 1,"ln k (rate constant, CALCULATED)",35.0,35.0,ln_k,-10.791,,,CALCULATED (model fit / derived by the paper's authors) - NOT an observation
P4_LCKIN,Table 1,"ln k (rate constant, CALCULATED)",35.0,40.0,ln_k,-10.864,,,CALCULATED (model fit / derived by the paper's authors) - NOT an observation
P4_LCKIN,Table 2,Linear regression 0<t<=20 min (CALCULATED),25.0,,slope|intercept|R2,0.031|5.076|0.9833,,,CALCULATED (model fit / derived by the paper's authors) - NOT an observation
P4_LCKIN,Table 2,Linear regression 20<t<=40 min (CALCULATED),25.0,,slope|intercept|R2,0.047|4.77|0.9729,,,CALCULATED (model fit / derived by the paper's authors) - NOT an observation
P4_LCKIN,Table 2,Linear regression 0<t<=20 min (CALCULATED),30.0,,slope|intercept|R2,0.046|5.078|0.9926,,,CALCULATED (model fit / derived by the paper's authors) - NOT an observation
P4_LCKIN,Table 2,Linear regression 20<t<=40 min (CALCULATED),30.0,,slope|intercept|R2,0.058|4.847|0.9929,,,CALCULATED (model fit / derived by the paper's authors) - NOT an observation
P4_LCKIN,Table 2,Linear regression 0<t<=20 min (CALCULATED),35.0,,slope|intercept|R2,0.072|5.08|0.9955,,,CALCULATED (model fit / derived by the paper's authors) - NOT an observation
P4_LCKIN,Table 2,Linear regression 20<t<=40 min (CALCULATED),35.0,,slope|intercept|R2,0.083|4.78|0.9899,,,CALCULATED (model fit / derived by the paper's authors) - NOT an observation
P4_LCKIN,Table 3,Regression 0<=t<=20 min (CALCULATED),,,slope|intercept|R2,0.026|5.094|0.9958,0.4,2.0,CALCULATED (model fit / derived by the paper's authors) - NOT an observation
P4_LCKIN,Table 3,Regression 20<t<=40 min (CALCULATED),,,slope|intercept|R2,0.049|4.654|0.9879,0.4,2.0,CALCULATED (model fit / derived by the paper's authors) - NOT an observation
P4_LCKIN,Table 3,Regression 0<=t<=20 min (CALCULATED),,,slope|intercept|R2,0.048|5.137|0.9927,0.8,2.0,CALCULATED (model fit / derived by the paper's authors) - NOT an observation
P4_LCKIN,Table 3,Regression 20<t<=40 min (CALCULATED),,,slope|intercept|R2,0.072|4.633|0.9983,0.8,2.0,CALCULATED (model fit / derived by the paper's authors) - NOT an observation
P4_LCKIN,Table 3,Regression 0<=t<=20 min (CALCULATED),,,slope|intercept|R2,0.066|5.134|0.9972,1.0,2.0,CALCULATED (model fit / derived by the paper's authors) - NOT an observation
P4_LCKIN,Table 3,Regression 20<t<=40 min (CALCULATED),,,slope|intercept|R2,0.087|4.66|0.9959,1.0,2.0,CALCULATED (model fit / derived by the paper's authors) - NOT an observation
P4_LCKIN,Table 3,Regression 0<=t<=20 min (CALCULATED),,,slope|intercept|R2,0.084|5.184|0.974,1.2,2.0,CALCULATED (model fit / derived by the paper's authors) - NOT an observation
P4_LCKIN,Table 3,Regression 20<t<=40 min (CALCULATED),,,slope|intercept|R2,0.112|4.53|0.9954,1.2,2.0,CALCULATED (model fit / derived by the paper's authors) - NOT an observation
P4_LCKIN,Table 3,Regression 0<=t<=20 min (CALCULATED),,,slope|intercept|R2,0.067|5.096|0.9973,1.0,2.0 (second block),CALCULATED (model fit / derived by the paper's authors) - NOT an observation
P4_LCKIN,Table 3,Regression 20<t<=40 min (CALCULATED),,,slope|intercept|R2,0.081|4.855|0.9969,1.0,2.0 (second block),CALCULATED (model fit / derived by the paper's authors) - NOT an observation
P4_LCKIN,Table 3,Regression 0<=t<=20 min (CALCULATED),,,slope|intercept|R2,0.081|5.111|0.998,1.0,2.5,CALCULATED (model fit / derived by the paper's authors) - NOT an observation
P4_LCKIN,Table 3,Regression 20<t<=40 min (CALCULATED),,,slope|intercept|R2,0.096|4.798|0.9954,1.0,2.5,CALCULATED (model fit / derived by the paper's authors) - NOT an observation
P4_LCKIN,Table 3,Regression 0<=t<=20 min (CALCULATED),,,slope|intercept|R2,0.105|5.1|0.9979,1.0,3.0,CALCULATED (model fit / derived by the paper's authors) - NOT an observation
P4_LCKIN,Table 3,Regression 20<t<=40 min (CALCULATED),,,slope|intercept|R2,0.123|4.771|0.9976,1.0,3.0,CALCULATED (model fit / derived by the paper's authors) - NOT an observation
P1_OPTICAL,Tab.3,"Exp. decay fit Y=Y0+A1*exp(-O3/T1) for Brightness (B, %ISO) (CALCULATED FIT)",20.0,,R2|Y0|Y0_err|A1|A1_err|T1|T1_err,0.949|58.56|0.79|-9.91|1.06|0.12|0.03,,0.26,CALCULATED (model fit / derived by the paper's authors) - NOT an observation
P1_OPTICAL,Tab.3,"Exp. decay fit Y=Y0+A1*exp(-O3/T1) for Brightness (B, %ISO) (CALCULATED FIT)",20.0,,R2|Y0|Y0_err|A1|A1_err|T1|T1_err,0.9035|58.76|1.13|-8.84|1.4|0.28|0.1,,2.61,CALCULATED (model fit / derived by the paper's authors) - NOT an observation
P1_OPTICAL,Tab.3,"Exp. decay fit Y=Y0+A1*exp(-O3/T1) for Brightness (B, %ISO) (CALCULATED FIT)",20.0,,R2|Y0|Y0_err|A1|A1_err|T1|T1_err,0.9212|55.32|0.58|-6.9|0.91|0.19|0.07,,3.86,CALCULATED (model fit / derived by the paper's authors) - NOT an observation
P1_OPTICAL,Tab.3,"Exp. decay fit Y=Y0+A1*exp(-O3/T1) for Brightness (B, %ISO) (CALCULATED FIT)",20.0,,R2|Y0|Y0_err|A1|A1_err|T1|T1_err,0.8236|57.38|10.12|-8.33|9.87|1.43|2.4,,8.83,CALCULATED (model fit / derived by the paper's authors) - NOT an observation
P1_OPTICAL,Tab.3,"Exp. decay fit Y=Y0+A1*exp(-O3/T1) for Brightness (B, %ISO) (CALCULATED FIT)",40.0,,R2|Y0|Y0_err|A1|A1_err|T1|T1_err,0.9693|59.0|0.89|-10.6|1.03|0.19|0.05,,0.26,CALCULATED (model fit / derived by the paper's authors) - NOT an observation
P1_OPTICAL,Tab.3,"Exp. decay fit Y=Y0+A1*exp(-O3/T1) for Brightness (B, %ISO) (CALCULATED FIT)",40.0,,R2|Y0|Y0_err|A1|A1_err|T1|T1_err,0.8439|59.27|1.7|-9.22|1.95|0.3|0.18,,2.61,CALCULATED (model fit / derived by the paper's authors) - NOT an observation
P1_OPTICAL,Tab.3,"Exp. decay fit Y=Y0+A1*exp(-O3/T1) for Brightness (B, %ISO) (CALCULATED FIT)",40.0,,R2|Y0|Y0_err|A1|A1_err|T1|T1_err,0.9865|57.63|0.68|-9.55|0.85|0.37|0.07,,3.86,CALCULATED (model fit / derived by the paper's authors) - NOT an observation
P1_OPTICAL,Tab.3,"Exp. decay fit Y=Y0+A1*exp(-O3/T1) for Brightness (B, %ISO) (CALCULATED FIT)",40.0,,R2|Y0|Y0_err|A1|A1_err|T1|T1_err,0.9678|54.44|0.85|-6.15|0.82|0.15|0.05,,9.6,CALCULATED (model fit / derived by the paper's authors) - NOT an observation
P1_OPTICAL,Tab.3,Exp. decay fit Y=Y0+A1*exp(-O3/T1) for Total color difference (dE) (CALCULATED FIT),20.0,,R2|Y0|Y0_err|A1|A1_err|T1|T1_err,0.9483|5.71|0|-5.39|0.42|0.16|0.02,,0.26,CALCULATED (model fit / derived by the paper's authors) - NOT an observation
P1_OPTICAL,Tab.3,Exp. decay fit Y=Y0+A1*exp(-O3/T1) for Total color difference (dE) (CALCULATED FIT),20.0,,R2|Y0|Y0_err|A1|A1_err|T1|T1_err,0.8319|4.28|0|-4.31|0.66|0.23|0.06,,2.61,CALCULATED (model fit / derived by the paper's authors) - NOT an observation
P1_OPTICAL,Tab.3,Exp. decay fit Y=Y0+A1*exp(-O3/T1) for Total color difference (dE) (CALCULATED FIT),20.0,,R2|Y0|Y0_err|A1|A1_err|T1|T1_err,0.8986|4.41|0|-3.99|0.42|0.31|0.06,,3.86,CALCULATED (model fit / derived by the paper's authors) - NOT an observation
P1_OPTICAL,Tab.3,Exp. decay fit Y=Y0+A1*exp(-O3/T1) for Total color difference (dE) (CALCULATED FIT),20.0,,R2|Y0|Y0_err|A1|A1_err|T1|T1_err,0.8366|3.36|0|-2.94|0.31|0.62|0.14,,8.83,CALCULATED (model fit / derived by the paper's authors) - NOT an observation
P1_OPTICAL,Tab.3,Exp. decay fit Y=Y0+A1*exp(-O3/T1) for Total color difference (dE) (CALCULATED FIT),40.0,,R2|Y0|Y0_err|A1|A1_err|T1|T1_err,0.9716|5.69|0|-5.52|0.35|0.17|0.02,,0.26,CALCULATED (model fit / derived by the paper's authors) - NOT an observation
P1_OPTICAL,Tab.3,Exp. decay fit Y=Y0+A1*exp(-O3/T1) for Total color difference (dE) (CALCULATED FIT),40.0,,R2|Y0|Y0_err|A1|A1_err|T1|T1_err,0.8342|6.25|0|-5.07|0.65|0.39|0.1,,2.61,CALCULATED (model fit / derived by the paper's authors) - NOT an observation
P1_OPTICAL,Tab.3,Exp. decay fit Y=Y0+A1*exp(-O3/T1) for Total color difference (dE) (CALCULATED FIT),40.0,,R2|Y0|Y0_err|A1|A1_err|T1|T1_err,0.9781|4.64|0|-4.65|0.23|0.32|0.03,,3.86,CALCULATED (model fit / derived by the paper's authors) - NOT an observation
P1_OPTICAL,Tab.3,Exp. decay fit Y=Y0+A1*exp(-O3/T1) for Total color difference (dE) (CALCULATED FIT),40.0,,R2|Y0|Y0_err|A1|A1_err|T1|T1_err,0.9277|4.0|0|-3.81|0.31|0.52|0.08,,8.83,CALCULATED (model fit / derived by the paper's authors) - NOT an observation
P1_OPTICAL,Tab.3,Exp. decay fit Y=Y0+A1*exp(-O3/T1) for Total color difference (dE) (CALCULATED FIT),40.0,,R2|Y0|Y0_err|A1|A1_err|T1|T1_err,0.967|3.28|0|-3.21|0.2|0.14|0.02,,9.6,CALCULATED (model fit / derived by the paper's authors) - NOT an observation
P1_OPTICAL,Tab.3,"Exp. decay fit Y=Y0+A1*exp(-O3/T1) for Yellowness (Ys, %) (CALCULATED FIT)",20.0,,R2|Y0|Y0_err|A1|A1_err|T1|T1_err,0.8995|26.21|0|5.74|0.61|0.18|0.03,,0.26,CALCULATED (model fit / derived by the paper's authors) - NOT an observation
P1_OPTICAL,Tab.3,"Exp. decay fit Y=Y0+A1*exp(-O3/T1) for Yellowness (Ys, %) (CALCULATED FIT)",20.0,,R2|Y0|Y0_err|A1|A1_err|T1|T1_err,0.873|27.04|0|5.13|0.58|0.34|0.06,,2.61,CALCULATED (model fit / derived by the paper's authors) - NOT an observation
P1_OPTICAL,Tab.3,"Exp. decay fit Y=Y0+A1*exp(-O3/T1) for Yellowness (Ys, %) (CALCULATED FIT)",20.0,,R2|Y0|Y0_err|A1|A1_err|T1|T1_err,0.86|27.87|0|4.04|0.48|0.34|0.07,,3.86,CALCULATED (model fit / derived by the paper's authors) - NOT an observation
P1_OPTICAL,Tab.3,"Exp. decay fit Y=Y0+A1*exp(-O3/T1) for Yellowness (Ys, %) (CALCULATED FIT)",20.0,,R2|Y0|Y0_err|A1|A1_err|T1|T1_err,0.7417|28.42|0|3.06|0.43|0.58|0.17,,8.83,CALCULATED (model fit / derived by the paper's authors) - NOT an observation
P1_OPTICAL,Tab.3,"Exp. decay fit Y=Y0+A1*exp(-O3/T1) for Yellowness (Ys, %) (CALCULATED FIT)",40.0,,R2|Y0|Y0_err|A1|A1_err|T1|T1_err,0.9652|26.25|0|6.07|0.4|0.23|0.03,,0.26,CALCULATED (model fit / derived by the paper's authors) - NOT an observation
P1_OPTICAL,Tab.3,"Exp. decay fit Y=Y0+A1*exp(-O3/T1) for Yellowness (Ys, %) (CALCULATED FIT)",40.0,,R2|Y0|Y0_err|A1|A1_err|T1|T1_err,0.8473|25.35|0|5.77|0.7|0.41|0.1,,2.61,CALCULATED (model fit / derived by the paper's authors) - NOT an observation
P1_OPTICAL,Tab.3,"Exp. decay fit Y=Y0+A1*exp(-O3/T1) for Yellowness (Ys, %) (CALCULATED FIT)",40.0,,R2|Y0|Y0_err|A1|A1_err|T1|T1_err,0.9778|26.78|0|5.36|0.26|0.33|0.03,,3.86,CALCULATED (model fit / derived by the paper's authors) - NOT an observation
P1_OPTICAL,Tab.3,"Exp. decay fit Y=Y0+A1*exp(-O3/T1) for Yellowness (Ys, %) (CALCULATED FIT)",40.0,,R2|Y0|Y0_err|A1|A1_err|T1|T1_err,0.9719|27.44|0|4.77|0.27|0.38|0.04,,8.83,CALCULATED (model fit / derived by the paper's authors) - NOT an observation
P1_OPTICAL,Tab.3,"Exp. decay fit Y=Y0+A1*exp(-O3/T1) for Yellowness (Ys, %) (CALCULATED FIT)",40.0,,R2|Y0|Y0_err|A1|A1_err|T1|T1_err,0.9637|27.77|0|4.41|0.29|0.14|0.02,,9.6,CALCULATED (model fit / derived by the paper's authors) - NOT an observation
