Source_ID,Full_title,Authors,Year,DOI_or_patent,URL,Data_tables_extracted,Number_of_experimental_rows,Derived_rows_in_Derived_sheet,Variables_available
P1_OPTICAL,Effect of pH and temperature on the optical properties in ozonization oxygen delignified hardwood kraft pulp,UNVERIFIED (not in screenshots),UNVERIFIED,No DOI verified,https://www.researchgate.net/publication/235227836_Effect_of_pH_and_temperature_on_the_optical_properties_in_ozonization_oxygen_delignified_hardwood_kraft_pulp,"Tab.1 (40 C), Tab.2 (20 C) [L*, a*, b*]; Tab.3 (fit parameters - calculated)",62,26,"Experiment_ID, Table_ID, Pulp_Type, Wood_Type, Temperature_C, pH, Ozone_Consumed, Ozone_Consumed_Unit, Reaction_Time, Reaction_Time_Unit, L_star, a_star, b_star, Original_Unit, Notes"
P2_DP,Effect of pH and temperature on cellulose chain scission number in ozonization of oxygen delignified hardwood kraft pulp,UNVERIFIED (not in screenshots),UNVERIFIED,No DOI verified,https://www.researchgate.net/publication/227335376_Effect_of_PH_and_temperature_on_cellulose_chain_scission_number_in_ozonization_of_oxygen_delignified_hardwood_kraft_pulp,"Tab.1 (40 C), Tab.2 (20 C) [intrinsic viscosity, DP]",62,0,"Experiment_ID, Table_ID, Pulp_Type, Wood_Type, Temperature_C, pH, Ozone_Consumed, Ozone_Consumed_Unit, Reaction_Time, Reaction_Time_Unit, Final_Viscosity, Final_Viscosity_Unit, DP, Original_Unit, Notes"
P3_EKP,Kinetics of Ozone Bleaching of Eucalyptus Kraft Pulp and Factors Affecting the Properties of the Bleached Pulp,UNVERIFIED (not in screenshots),UNVERIFIED (BioResources),No DOI verified,https://bioresources.cnr.ncsu.edu/resources/kinetics-of-ozone-bleaching-of-eucalyptus-kraft-pulp-and-factors-affecting-the-properties-of-the-bleached-pulp/,"Table 1 (consistency effect), Table 2 (additives / mass transfer)",15,0,"Experiment_ID, Table_ID, Pulp_Type, Wood_Type, Pulp_Consistency_percent, pH, Ozone_Dose, Ozone_Dose_Unit, Reaction_Time, Reaction_Time_Unit, Additive, Additive_Concentration, Final_Kappa, Final_Brightness, Brightness_Scale, Final_Viscosity, Final_Viscosity_Unit, Other_Measured_Output, Original_Unit, Notes"
P4_LCKIN,Kinetics of delignification and carbohydrate degradation during the ozone bleaching of low-consistency hardwood pulps,UNVERIFIED (not in screenshots),UNVERIFIED (BioResources),No DOI verified,https://bioresources.cnr.ncsu.edu/resources/kinetics-of-delignification-and-carbohydrate-degradation-during-the-ozone-bleaching-of-low-consistency-hardwood-pulps/,"Table 1 (ln k, CALCULATED), Table 2 and 3 (regression fits, CALCULATED) - no raw observations in screenshots",0,44,-
P5_ORGANOSOLV,Ozone organosolv bleaching of radiata pine kraft pulp,UNVERIFIED (not in screenshots),UNVERIFIED,No DOI verified,https://www.researchgate.net/publication/226189721_Ozone_organosolv_bleaching_of_radiata_pine_kraft_pulp,Tables 1-4,29,0,"Experiment_ID, Table_ID, Pulp_Type, Wood_Type, Initial_Kappa, Initial_Brightness, Initial_Viscosity, pH, Ozone_Consumed, Ozone_Consumed_Unit, Pretreatment, Medium, Final_Kappa, Final_Brightness, Brightness_Scale, Final_Viscosity, Final_Viscosity_Unit, Selectivity, Other_Measured_Output, Original_Unit, Notes"
P6_PROTECTORS,Influence of new cellulose protectors in ozone bleaching,UNVERIFIED (not in screenshots),UNVERIFIED,No DOI verified,https://www.researchgate.net/publication/227338883_Influence_of_new_cellulose_protectors_in_ozone_bleaching,Table 1 (additives),10,0,"Experiment_ID, Table_ID, Pulp_Type, Ozone_Dose, Ozone_Dose_Unit, Ozone_Consumed, Ozone_Consumed_Unit, Additive, Additive_Concentration, Final_Kappa, Final_Brightness, Brightness_Scale, Final_Viscosity, Final_Viscosity_Unit, Original_Unit"
PAT1_US20030006017A1,Ozone bleaching of low consistency pulp (patent),See patent,2003 (publication),US20030006017A1,https://patents.google.com/patent/US20030006017A1/en,"Table 1, Table 2, Table 3+4, mixer-energy table and O3 solubility table (reference)",11,0,"Experiment_ID, Table_ID, Pulp_Type, Pulp_Consistency_percent, Initial_Kappa, Initial_Brightness, Initial_Viscosity, Temperature_C, pH, Ozone_Dose, Ozone_Dose_Unit, Ozone_Concentration, Ozone_Concentration_Unit, Ozone_Consumed, Ozone_Consumed_Unit, Reaction_Time, Reaction_Time_Unit, Pressure, Pressure_Unit, Final_Kappa, Final_Brightness, Brightness_Scale, Final_Viscosity, Final_Viscosity_Unit, Other_Measured_Output, Original_Unit, Notes"
PAT2_US6579412B2,Process for ozone bleaching of low consistency pulp (patent),See patent,UNVERIFIED,US6579412B2,https://patents.google.com/patent/US6579412B2/en,Screenshots show the same tables as PAT1 (patent family) -> NOT counted twice,0,0,-
PAT3_WO2005059241A1,Method for the acidification of pulp prior to ozone bleaching (patent),See patent,UNVERIFIED,WO2005059241A1,https://patents.google.com/patent/WO2005059241A1/en,No table was included in the team's screenshot PDF -> 0 rows extracted,0,0,-
